Career,Description
AI Engineer,"Builds artificial intelligence and machine learning systems."
Data Scientist,"Analyzes data and develops predictive models."
Data Analyst,"Collects, cleans, and analyzes data to generate insights."
Software Engineer,"Designs, develops, and maintains software applications."
Full Stack Developer,"Develops both frontend and backend of web applications."
Backend Developer,"Builds server-side applications and APIs."
Frontend Developer,"Creates responsive and interactive user interfaces."
Cloud Engineer,"Manages cloud infrastructure and deployment services."
Cyber Security Analyst,"Protects systems and networks from cyber threats."
DevOps Engineer,"Automates software deployment and infrastructure management."
Android Developer,"Develops mobile applications for Android devices."
iOS Developer,"Creates mobile applications for Apple devices."
Machine Learning Engineer,"Designs and deploys machine learning models."
Data Engineer,"Builds and maintains data pipelines and databases."
Business Analyst,"Analyzes business needs and recommends technology solutions."
Database Administrator,"Maintains, secures, and optimizes databases."
Network Engineer,"Designs and manages computer networks."
QA Engineer,"Tests software to ensure quality and reliability."
UI/UX Designer,"Designs user-friendly interfaces and user experiences."
Blockchain Developer,"Develops decentralized applications and smart contracts."
