Career,Skills
AI Engineer,"Python, Machine Learning, Deep Learning, TensorFlow, SQL"
Data Scientist,"Python, SQL, Statistics, Machine Learning, Pandas"
Data Analyst,"Excel, SQL, Power BI, Tableau, Python"
Software Engineer,"Java, C++, Data Structures, Algorithms, Git"
Full Stack Developer,"HTML, CSS, JavaScript, React, Node.js"
Backend Developer,"Java, Spring Boot, SQL, REST API, Git"
Frontend Developer,"HTML, CSS, JavaScript, React, Bootstrap"
Cloud Engineer,"AWS, Azure, Docker, Kubernetes, Linux"
Cyber Security Analyst,"Network Security, Ethical Hacking, Linux, Python"
DevOps Engineer,"Docker, Kubernetes, Jenkins, AWS, Linux"
Android Developer,"Java, Kotlin, Android Studio, Firebase"
iOS Developer,"Swift, Xcode, UIKit, Git"
Machine Learning Engineer,"Python, TensorFlow, Scikit-learn, SQL"
Data Engineer,"Python, SQL, Apache Spark, Hadoop, ETL"
Business Analyst,"Excel, SQL, Power BI, Communication"
Database Administrator,"SQL, MySQL, Oracle, Backup, Performance Tuning"
Network Engineer,"CCNA, Networking, Routing, Switching, Linux"
QA Engineer,"Manual Testing, Selenium, Java, TestNG"
UI/UX Designer,"Figma, Adobe XD, Wireframing, Prototyping"
Blockchain Developer,"Solidity, Ethereum, Smart Contracts, JavaScript"
